<?xml version="1.0" encoding="UTF-8"?>
<project-private xmlns="http://www.netbeans.org/ns/project-private/1">
    <editor-bookmarks xmlns="http://www.netbeans.org/ns/editor-bookmarks/2" lastBookmarkId="0"/>
    <open-files xmlns="http://www.netbeans.org/ns/projectui-open-files/2">
        <group>
            <file>file:/D:/User/Documents/NetBeansProjects/Pcorte/web/WEB-INF/web.xml</file>
            <file>file:/D:/User/Documents/NetBeansProjects/Pcorte/src/java/DAO/Conexion.java</file>
            <file>file:/D:/User/Documents/NetBeansProjects/Pcorte/src/java/Controlador/Caja_Servlet.java</file>
            <file>file:/D:/User/Documents/NetBeansProjects/Pcorte/web/Caja.jsp</file>
        </group>
    </open-files>
</project-private>
